Address,City,NumberOfBaths,NumberOfBeds,Price,SqFt,ZipCode
"12174 Shepherds Hill Ln, Frisco, TX 75035",Frisco,2.5,3,420000,2527,75035
"4617 Chandler Dr, Frisco, TX 75034",Frisco,2,3,399000,2102,75034
"7599 Petersburgh Pl, Frisco, TX 75035",Frisco,2,3,375000,1785,75035
"3493 Mayflower Dr, Frisco, TX 75034",Frisco,2,4,399900,2319,75034
"5145 Shoreline Dr, Frisco, TX 75034",Frisco,3.5,4,950000,4344,75034
"11185 Pagewynne Dr, Frisco, TX 75035",Frisco,2,3,385000,1650,75035
"13459 Hansel St, Frisco, TX 75035",Frisco,4,4,750000,3416,75035
"8079 Canal St, Frisco, TX 75034",Frisco,2.5,2,425000,1751,75034
"12 Armstrong Dr, Frisco, TX 75034",Frisco,4.5,4,1875000,5992,75034
"6274 DOUGLAS Ave, Frisco, TX 75034",Frisco,6,5,1595000,6488,75034
"7617 Sonoma Valley Dr, Frisco, TX 75035",Frisco,2,3,294000,1586,75035
"11016 Blue Bay Dr, Frisco, TX 75035",Frisco,2,4,435000,2349,75035
"4573 Shamrock Dr, Frisco, TX 75034",Frisco,3,4,399000,2427,75034
"13392 Mondovi Dr, Frisco, TX 75033",Frisco,2.5,4,419900,2895,75033
"7161 Greystone Ln, Frisco, TX 75034",Frisco,4.5,5,930000,4750,75034
"10613 Brendenberg Dr, Frisco, TX 75035",Frisco,2,3,329900,1806,75035
"11930 Gonzales Dr, Frisco, TX 75035",Frisco,3.5,4,419618,3412,75035
"8326 Hamilton Ln, Frisco, TX 75036",Frisco,4.5,4,587500,3793,75036
"11462 Henderson Dr, Frisco, TX 75035",Frisco,2.5,4,415000,2700,75035
"5517 Baton Rouge Blvd, Frisco, TX 75035",Frisco,2.5,4,347000,2300,75035
"13232 Dolomite Dr, Frisco, TX 75035",Frisco,6,5,880000,4878,75035
"1916 Abbeygale Dr, McKinney, TX 75071",McKinney,3,4,445000,2949,75071
"3721 Moorcroft Rd, Frisco, TX 75036",Frisco,2.5,4,370000,2476,75036
"2918 Fargo Dr, Frisco, TX 75033",Frisco,3.5,4,495000,2977,75033
"9153 Apollo Ct, Frisco, TX 75033",Frisco,2,3,360000,1919,75033
"7114 Quarry Chop Dr, Frisco, TX 75035",Frisco,4,6,600000,4087,75035
"9367 N County Rd, Frisco, TX 75033",Frisco,3,4,950000,2689,75033
"14691 Blakehill Dr, Frisco, TX 75035",Frisco,4.5,5,550000,3803,75035
"10944 Prescott Dr, Frisco, TX 75033",Frisco,4,5,435000,2832,75033
"6257 Culverdale Ln, Frisco, TX 75034",Frisco,3.5,4,625000,3034,75034
"9775 Bell Rock Rd, Frisco, TX 75035",Frisco,2,3,360000,1906,75035
"4521 Bayport Dr, Frisco, TX 75036",Frisco,2,3,365000,1885,75036
"6557 Scottsdale Way, Frisco, TX 75034",Frisco,2.5,4,347700,3045,75034
"1656 Princess Ln, Little Elm, TX 75036",Little Elm,2,3,290000,2040,75036
"1368 Troon Dr, Frisco, TX 75036",Frisco,2,2,310000,1533,75036
"9790 Sunset Dr, Frisco, TX 75033",Frisco,2,2,240000,1000,75033
"4961 Linda Ln, Frisco, TX 75033",Frisco,3.5,4,598500,3582,75033
"6349 Plum Creek Rd, Frisco, TX 75036",Frisco,3,4,620000,3261,75036
"998 Carrington Greens Dr, Frisco, TX 75036",Frisco,2,2,355000,1614,75036
"8548 Dynasty Ln, Frisco, TX 75034",Frisco,2.5,2,418990,1840,75034
"6823 Gatewick Dr, Frisco, TX 75035",Frisco,4,5,510000,3261,75035
"4621 Steel St, Dallas, TX 75219",Dallas,3.5,3,499900,2102,75219
"823 Clermont Ave, Dallas, TX 75223",Dallas,3.5,3,999000,3228,75223
"11622 Lochwood Blvd, Dallas, TX 75218",Dallas,3,3,439900,1725,75218
"14151 Montfort Dr #202, Dallas, TX 75254",Dallas,2,2,229000,1336,75254
"2106 Hillside Dr, Rowlett, TX 75088",Rowlett,2.5,4,394900,3029,75088
"4607 Stigall Dr, Dallas, TX 75209",Dallas,2,3,340000,1183,75209
"1402 Rowan Ave, Dallas, TX 75223",Dallas,2,2,150000,1000,75223
"6217 Alpha Rd, Dallas, TX 75240",Dallas,3,4,665000,2920,75240
"7302 Brentfield Dr, Dallas, TX 75248",Dallas,3,4,515000,2212,75248
"4225 Mckinney Ave #1, Dallas, TX 75205",Dallas,2.5,2,449000,2148,75205
"2950 Mckinney Ave #218, Dallas, TX 75204",Dallas,1,1,255000,806,75204
"4330 Middleton Rd, Dallas, TX 75229",Dallas,5.5,4,2350000,5661,75229
"1393 Arch Pl, Dallas, TX 75215",Dallas,4,3,569000,2471,75215
"3717 Prescott Ave, Dallas, TX 75219",Dallas,2.5,2,599900,1968,75219
"8531 Coppertowne Ln, Dallas, TX 75243",Dallas,2.5,3,289900,1958,75243
"5611 Meadowick Ln, Dallas, TX 75227",Dallas,2,2,289000,1400,75227
"7109 Alpha Rd, Dallas, TX 75240",Dallas,3.5,4,650000,2945,75240
"3102 Ross Ave #7, Dallas, TX 75204",Dallas,3,3,655000,2422,75204
"6556 Ridgemont Dr, Dallas, TX 75214",Dallas,2.5,3,499000,1952,75214
"7365 Fieldgate Dr, Dallas, TX 75230",Dallas,4,4,979650,4003,75230
"3025 Bryan St Unit 1F, Dallas, TX 75204",Dallas,1.5,1,214000,933,75204
"4349 Southern Ave, Highland Park, TX 75205",Highland Park,3.5,4,1895000,3973,75205
"1807 Wonderlight Ln, Dallas, TX 75228",Dallas,2.5,3,329000,2552,75228
"5214 Gulfport Dr, Rowlett, TX 75088",Rowlett,3,4,415000,3276,75088
"7029 Panavision Trl, Dallas, TX 75249",Dallas,2,3,289900,1861,75249
"5726 Vanderbilt Ave, Dallas, TX 75206",Dallas,2,3,675000,1678,75206
"3015 Plaudit Pl, Dallas, TX 75229",Dallas,2.5,4,419000,2333,75229
"4444 Potomac Ave, University Park, TX 75205",University Park,5.5,5,2399000,4699,75205
"9919 Hickory Xing, Dallas, TX 75243",Dallas,3,4,625000,3068,75243
"9512 Valley Lake Ln, Irving, TX 75063",Irving,2.5,4,460000,2539,75063
"13624 Brookgreen Dr, Dallas, TX 75240",Dallas,2,2,212000,1000,75240
"3232 Dothan Ln, Dallas, TX 75229",Dallas,2,4,475000,2213,75229
"6116 Sudbury Dr, Dallas, TX 75214",Dallas,2,3,589000,1751,75214
"7128 Casa Loma Ave, Dallas, TX 75214",Dallas,3,3,750000,2247,75214
"5818 Morningside Ave, Dallas, TX 75206",Dallas,2.5,3,780000,2250,75206
"2827 Waskom St, Dallas, TX 75228",Dallas,1,2,180000,886,75228
"9735 Trevor Dr, Dallas, TX 75243",Dallas,2.5,4,449950,2953,75243
"9938 Kilarney Dr, Dallas, TX 75218",Dallas,2.5,3,774900,2120,75218
"6022 Lewis Ave #102, Dallas, TX 75206",Dallas,2.5,2,409000,1385,75206
"1716 W Brooklyn Ave, Dallas, TX 75208",Dallas,2,3,329000,1118,75208
"1431 Waterside Dr, Dallas, TX 75218",Dallas,3.5,4,899900,3774,75218
"8173 Whitney Ln, Fort Worth, TX 76120",Fort Worth,2,3,250000,1591,76120
"500 Freedom Way, Crowley, TX 76036",Crowley,2.5,4,279000,2731,76036
"4813 Hildring Dr E, Fort Worth, TX 76109",Fort Worth,2,3,369500,1941,76109
"2600 Ensenada Ln, Fort Worth, TX 76108",Fort Worth,2,3,299900,2038,76108
"2944 Whitetail Chase Dr, Fort Worth, TX 76108",Fort Worth,2.5,3,299900,2578,76108
"7904 Caldelana Way, Fort Worth, TX 76131",Fort Worth,2,3,308000,2087,76131
"9913 Rolling Hills Dr, Fort Worth, TX 76126",Fort Worth,2,3,297000,1813,76126
"9808 Stoney Bridge Rd, Fort Worth, TX 76108",Fort Worth,2.5,4,280000,2690,76108
"6045 Shiner Dr, Fort Worth, TX 76179",Fort Worth,2,3,299000,2122,76179
"4141 Heritage Way Dr, Fort Worth, TX 76137",Fort Worth,2,4,270000,2154,76137
"1409 Terminal Rd, Fort Worth, TX 76106",Fort Worth,1,2,160000,1308,76106
"8300 Redonda St, White Settlement, TX 76108",White Settlement,1,3,199000,1100,76108
"4648 Matthew Dr, Fort Worth, TX 76244",Fort Worth,3.5,5,375000,3414,76244
"6949 Valhalla Rd, Fort Worth, TX 76116",Fort Worth,2,3,275000,1516,76116
"1020 Hickory Bend Ln, Fort Worth, TX 76108",Fort Worth,3,3,325000,2624,76108
"5909 Black Bass Dr, Fort Worth, TX 76179",Fort Worth,2.5,4,320000,2821,76179
"2237 Sims Dr, Fort Worth, TX 76119",Fort Worth,2,3,230000,1816,76119
"3224 Crofton Dr, Fort Worth, TX 76137",Fort Worth,2,3,259000,1763,76137
"10616 Lipan Trl, Fort Worth, TX 76108",Fort Worth,2,3,249900,1991,76108
"7920 Tree Leaf Ln, Fort Worth, TX 76123",Fort Worth,2,3,260000,1808,76123
"4313 Old Grove Way, Fort Worth, TX 76244",Fort Worth,2,4,355000,1984,76244
"6912 Windwood Trl, Fort Worth, TX 76132",Fort Worth,2,3,275000,1951,76132
"12636 Mourning Dove Ln, Fort Worth, TX 76244",Fort Worth,3,5,350000,3427,76244
"6325 Stone Lake Ct, Fort Worth, TX 76179",Fort Worth,2,3,235000,1350,76179
"5620 The Resort Blvd, Fort Worth, TX 76179",Fort Worth,3.5,5,600000,3718,76179
"3752 Summersville Ln, Fort Worth, TX 76244",Fort Worth,2.5,3,310000,2015,76244
"9720 Jericho Ln, Fort Worth, TX 76108",Fort Worth,2.5,4,274900,2405,76108
"8844 Tigris Trl, Fort Worth, TX 76118",Fort Worth,2,3,230000,1335,76118
"4616 Byers Ave, Fort Worth, TX 76107",Fort Worth,2,3,329500,1966,76107
"1036 Twisting Ridge Ter, Fort Worth, TX 76052",Fort Worth,2,3,360000,1992,76052
"7032 Greenview Cir N, Fort Worth, TX 76120",Fort Worth,2,3,185000,1480,76120
"3533 Cripple Creek Trl, Fort Worth, TX 76262",Fort Worth,2,3,225000,1349,76262
"4516 Collinwood Ave, Fort Worth, TX 76107",Fort Worth,2,3,369900,1440,76107
"4612 Saldana Dr, Fort Worth, TX 76133",Fort Worth,2,3,299900,2022,76133
"2212 N Chandler Dr, Fort Worth, TX 76111",Fort Worth,1,3,230000,1034,76111
"6341 Glenwick Dr, Fort Worth, TX 76123",Fort Worth,2.5,5,325000,2732,76123
"6908 Culver Ave, Fort Worth, TX 76116",Fort Worth,2,3,298900,1994,76116
"10520 Flagstaff Run, Fort Worth, TX 76140",Fort Worth,2.5,4,224999,1678,76140
"16 Harbour Point Cir, Fort Worth, TX 76179",Fort Worth,3.5,4,515000,3468,76179
"1235 E Cannon, Fort Worth, TX 76104",Fort Worth,2,2,129000,1000,76104
"1556 Velda Kay Ln, Fort Worth, TX 76052",Fort Worth,2,2,110000,1000,76052
"3441 Timber Brook Dr, Plano, TX 75074",Plano,2,4,400000,2220,75074
"6321 Hermosa Dr, Plano, TX 75024",Plano,2.5,3,410000,1977,75024
"4700 Ridgedale Dr, Plano, TX 75024",Plano,2,2,299000,1513,75024
"4236 Winding Brook Dr, Plano, TX 75093",Plano,2.5,3,344900,1636,75093
"2708 Westridge Dr, Plano, TX 75075",Plano,3,4,370000,2453,75075
"1349 Heidi Dr, Plano, TX 75025",Plano,2,3,315000,1745,75025
"4024 Camino Dr, Plano, TX 75074",Plano,2,3,375000,2078,75074
"7145 Rembrandt Dr, Plano, TX 75093",Plano,2,2,339900,1804,75093
"7020 Pensacola Dr, Plano, TX 75074",Plano,2.5,4,425000,2976,75074
"2304 La Vida Pl, Plano, TX 75023",Plano,3,4,429990,2696,75023
"3905 Ridge Rock Dr, Plano, TX 75074",Plano,2.5,4,419000,2873,75074
"5948 Pebblestone Ln, Plano, TX 75093",Plano,3,4,549000,3384,75093
"4117 Burnhill Dr, Plano, TX 75024",Plano,2,3,350000,1729,75024
"3429 Timber Brook Dr, Plano, TX 75074",Plano,2,3,340000,2120,75074
"3201 Bloomfield Ct, Plano, TX 75093",Plano,2.5,3,425900,2073,75093
"2701 Rockefeller Way, Plano, TX 75093",Plano,4.5,5,739900,3411,75093
"6821 Saddletree Trl, Plano, TX 75023",Plano,2.5,3,370000,1855,75023
"9740 Ellery Ave, Plano, TX 75025",Plano,3,4,459000,2601,75025
"3104 Cross Bend Rd, Plano, TX 75023",Plano,2,4,277000,2010,75023
"3252 Parma Ln, Plano, TX 75093",Plano,1.5,2,272900,1418,75093
"3520 Caleche Ct, Plano, TX 75023",Plano,3,4,495000,3033,75023
"3729 Southport Dr, Plano, TX 75025",Plano,3.5,4,550000,3117,75025
"1429 Ridgecrest Dr, Plano, TX 75074",Plano,2,3,250000,1272,75074
"2821 Biscayne Dr, Plano, TX 75075",Plano,3,4,410000,2744,75075
"2201 Compton Dr, Plano, TX 75025",Plano,3,3,429000,2414,75025
"3325 Melanie Ln, Plano, TX 75023",Plano,3.5,4,550000,3323,75023
"4624 Reunion Dr, Plano, TX 75024",Plano,2.5,4,455000,2664,75024
"2917 Crow Valley Trl, Plano, TX 75023",Plano,3.5,4,425000,3111,75023
"3409 Canoncita Ln, Plano, TX 75023",Plano,3,4,459000,2876,75023
"5125 Meadowlark Dr, Plano, TX 75093",Plano,3.5,4,950000,4600,75093
"4728 Frost Hollow Dr, Plano, TX 75093",Plano,2,3,350000,1838,75093
"3013 Sewanee Dr, Plano, TX 75075",Plano,2.5,4,400000,2585,75075
"7016 Harvey Ln, Plano, TX 75025",Plano,3.5,4,499000,3136,75025
"4517 Charlemagne Dr, Plano, TX 75093",Plano,3,4,620000,3137,75093
"2704 Chamberlain Cir, Plano, TX 75023",Plano,3,4,474900,2610,75023
"4529 Bentley Dr, Plano, TX 75093",Plano,3.5,5,615000,3600,75093
"6504 Turtle Point Dr, Plano, TX 75023",Plano,3,4,385000,2733,75023
"4116 Whistler Dr, Plano, TX 75093",Plano,2.5,3,499000,2555,75093
"1846 Hatherly Dr, Plano, TX 75023",Plano,2,4,425000,2275,75023
"4064 White Porch Rd, Plano, TX 75024",Plano,2.5,4,524900,2947,75024
"4149 White Porch Rd, Plano, TX 75024",Plano,3.5,4,590000,3417,75024
"415 Rolling Hills Trl, Arlington, TX 76011",Arlington,2.5,4,342500,2514,76011
"5508 Independence Ave, Arlington, TX 76017",Arlington,3.5,5,415000,3595,76017
"525 Cross Cut Dr, Arlington, TX 76018",Arlington,2,3,249999,1583,76018
"2721 Hilldale Blvd, Arlington, TX 76016",Arlington,2,3,220000,1463,76016
"2208 Valleydale Dr, Arlington, TX 76013",Arlington,2.5,3,309000,2059,76013
"5716 Sterling Green Trl, Arlington, TX 76017",Arlington,2,3,237920,1533,76017
"5317 Vermillion Trl, Arlington, TX 76017",Arlington,2,3,249000,1708,76017
"2331 Idlewood Dr, Arlington, TX 76014",Arlington,3,3,210000,1610,76014
"5511 Silver Bow Trl, Arlington, TX 76017",Arlington,2,3,250000,1777,76017
"6711 Parkside Ct, Arlington, TX 76016",Arlington,3,4,445900,2970,76016
"4511 Smokey Quartz Ln, Arlington, TX 76005",Arlington,2.5,2,324520,1509,76005
"101 Moss Hill Dr, Arlington, TX 76018",Arlington,2,3,235000,1220,76018
"2403 Winding Hollow Ln, Arlington, TX 76006",Arlington,2.5,3,399990,2360,76006
"4110 Timbersedge Trl, Arlington, TX 76015",Arlington,2,4,349000,2292,76015
"903 Birds Fort Trl, Arlington, TX 76005",Arlington,2,2,364900,1618,76005
"1124 Forrest Dr, Arlington, TX 76012",Arlington,3,4,380000,2239,76012
"3302 Westgrove Dr, Arlington, TX 76001",Arlington,3,5,389900,2341,76001
"4409 Murwick Dr, Arlington, TX 76016",Arlington,2.5,3,347900,2184,76016
"708 Carswell Ter, Arlington, TX 76010",Arlington,2,4,240000,1930,76010
"6302 Pilgrim Ln, Arlington, TX 76002",Arlington,2,3,224900,1317,76002
"6918 Misty Meadow Ln, Arlington, TX 76002",Arlington,2,3,269900,1672,76002
"4219 Cascade Sky Dr, Arlington, TX 76005",Arlington,2.5,3,335000,2037,76005
"5100 Red River Dr, Arlington, TX 76017",Arlington,2.5,3,269900,1716,76017
"2315 Redbrook Dr, Arlington, TX 76014",Arlington,2,3,225000,1492,76014
"2603 Crestmoor Ct, Arlington, TX 76016",Arlington,2,3,220000,1483,76016
"538 E Avenue J Unit B, Grand Prairie, TX 75050",Grand Prairie,2.5,2,154000,1568,75050
"6306 Innsbrooke Dr, Arlington, TX 76016",Arlington,2,3,215000,1334,76016
"1213 Columbine Ct, Arlington, TX 76013",Arlington,2,3,255000,1460,76013
"5506 Arch Bridge Ct, Arlington, TX 76017",Arlington,4.5,6,874900,4749,76017
"801 Carrington Dr, Arlington, TX 76001",Arlington,2.5,3,279000,1906,76001
"2001 Marie Weldon Ln, Arlington, TX 76001",Arlington,2.5,4,349900,2939,76001
"5702 Sagebrush Trl, Arlington, TX 76017",Arlington,2,3,294000,1716,76017
"948 Freshwood Ct, Arlington, TX 76017",Arlington,2,3,250000,1429,76017
"5302 Pocassett Dr, Arlington, TX 76018",Arlington,2.5,3,279900,1841,76018
"2708 Hilldale Blvd, Arlington, TX 76016",Arlington,2,3,200000,1376,76016
"1506 Tulip Dr, Arlington, TX 76013",Arlington,2,3,225000,1316,76013
"5808 Willow View Dr, Arlington, TX 76017",Arlington,2,3,205000,1305,76017
"705 Sendero Dr, Arlington, TX 76002",Arlington,2,3,329900,1945,76002
"6313 W Poly Webb Rd, Arlington, TX 76016",Arlington,2,2,160000,1000,76016
"2430 Whispering Creek Dr, Arlington, TX 76018",Arlington,2.5,4,285000,2322,76018
"2209 Park Hill Dr, Arlington, TX 76012",Arlington,2.5,3,350000,2272,76012
"3025 Dartmouth Dr, Irving, TX 75062",Irving,1.5,3,199000,1174,75062
"808 Olde Towne Dr, Irving, TX 75061",Irving,2.5,3,399000,2610,75061
"2639 Fountain Dr, Irving, TX 75063",Irving,6,5,1099000,4891,75063
"1704 Oak Meadow Dr, Irving, TX 75061",Irving,3,4,300000,2814,75061
"9512 Valley Lake Ln, Irving, TX 75063",Irving,2.5,4,460000,2539,75063
"302 Dakota Trl, Irving, TX 75063",Irving,2.5,3,379995,2134,75063
"9011 Corral Dr, Irving, TX 75063",Irving,2.5,4,449500,2503,75063
"4229 Madera Rd, Irving, TX 75038",Irving,2.5,2,190000,1135,75038
"421 Renaissance Ln, Irving, TX 75060",Irving,2.5,3,364900,2214,75060
"1802 Glenbrook Dr, Irving, TX 75061",Irving,2,3,265900,1772,75061
"800 Rockingham Dr, Irving, TX 75063",Irving,2.5,3,420000,2632,75063
"2504 Lasalle Dr, Irving, TX 75062",Irving,1.5,4,245000,1585,75062
"2406 Cartwright St, Irving, TX 75062",Irving,2,3,200000,1280,75062
"9409 Los  Alamos Trl, Irving, TX 75063",Irving,2.5,3,385000,1760,75063
"2107 Shumard Oak Ln, Irving, TX 75063",Irving,3.5,5,639000,4260,75063
"4015 Twin Falls St, Irving, TX 75062",Irving,3,4,215000,1855,75062
"7623 Sweetgum Dr, Irving, TX 75063",Irving,3,4,500000,3143,75063
"2615 Corbeau Dr, Irving, TX 75038",Irving,2.5,2,282000,1527,75038
"7044 Nueces Dr, Irving, TX 75039",Irving,2.5,3,529900,2875,75039
"4501 N O Connor Rd #2105, Irving, TX 75062",Irving,2,3,215000,1357,75062
"525 Ranch Trl #146, Irving, TX 75063",Irving,2,2,244900,1415,75063
"634 Brookstone Dr, Irving, TX 75039",Irving,5,4,787000,3690,75039
"5851 Shoreside Bnd, Irving, TX 75039",Irving,4.5,4,790000,3905,75039
"1245 Glenwood Dr, Irving, TX 75060",Irving,1,3,200000,1048,75060
"5223 Montego Bay Dr, Irving, TX 75038",Irving,2.5,3,420000,2442,75038
"2109 Meadow, Irving, TX 75060",Irving,1.5,3,240000,1058,75060
"2319 Dennis St, Irving, TX 75062",Irving,1,3,229000,1072,75062
"10313 Donley Dr, Irving, TX 75063",Irving,2,3,375000,2000,75063
"1702 Henderson Ct, Irving, TX 75061",Irving,3,4,290000,2286,75061
"4416 Honfleur, Irving, TX 75038",Irving,2.5,2,279000,1528,75038
"3900 Double Tree Trl, Irving, TX 75061",Irving,2,3,286500,1948,75061
"2300 Northlake Ct, Irving, TX 75038",Irving,2.5,2,218000,1176,75038
"Charleston, Irving, TX 75063",Irving,3.5,4,709900,3131,75063
"Dorsett, Irving, TX 75063",Irving,3,4,484990,2399,75063
"2720 Quail Rdg, Irving, TX 75060",Irving,2,4,300000,1717,75060
"218 Bowman St, Irving, TX 75060",Irving,1.5,3,225000,1195,75060
"8706 Drayton Dr, Irving, TX 75063",Irving,3,4,450000,2860,75063
"600 Spicewood Ct, Irving, TX 75063",Irving,2.5,2,300000,1621,75063
"1605 Driskill Dr, Irving, TX 75038",Irving,5.5,5,750000,5254,75038
"4870 Cloudcroft Ln, Irving, TX 75038",Irving,2.5,4,574900,2438,75038
"412 Huntingdon Dr, Irving, TX 75061",Irving,3,4,325000,2407,75061
"1307 Village Green Dr, Southlake, TX 76092",Southlake,4.5,5,950000,4610,76092
"4380 Saddle Ridge Rd, Southlake, TX 76092",Southlake,3.5,4,1790000,3329,76092
"317 Clariden Ranch Rd, Southlake, TX 76092",Southlake,4,5,1500000,5019,76092
"537 Austin Oaks Dr, Grapevine, TX 76051",Grapevine,2.5,3,525000,2250,76051
"701 Chatham Ct, Southlake, TX 76092",Southlake,5.5,5,1299000,5635,76092
"2925 Riverbrook Way, Southlake, TX 76092",Southlake,2,2,225000,1000,76092
"404 W Chapel Downs Dr, Southlake, TX 76092",Southlake,5,5,1679000,5987,76092
"712 Glen Abbey Dr, Southlake, TX 76092",Southlake,5,5,1750000,5473,76092
"1609 Riviera Ln, Southlake, TX 76092",Southlake,3.5,4,899900,3737,76092
"1364 Lakeview Dr, Southlake, TX 76092",Southlake,3.5,4,1225000,4997,76092
"2119 Beaver Crk, Southlake, TX 76092",Southlake,4.5,5,1650000,6860,76092
"1212 Cross Timber Dr, Southlake, TX 76092",Southlake,4,4,1624900,4955,76092
"103 Clear Brook Ct, Southlake, TX 76092",Southlake,3.5,5,725000,3819,76092
"301 Watermere Dr #210, Southlake, TX 76092",Southlake,2.5,2,340000,1805,76092
"1425 Montgomery Ln, Southlake, TX 76092",Southlake,4,4,1250000,5060,76092
"404 Mesa Ranch Ct, Southlake, TX 76092",Southlake,4.5,5,1395000,5995,76092
"1218 Whispering Ln, Southlake, TX 76092",Southlake,2.5,3,950000,2233,76092
"928 Glen Lake Dr, Southlake, TX 76092",Southlake,5.5,5,1699900,4788,76092
"1630 Bent Creek Dr, Southlake, TX 76092",Southlake,6,4,1675000,5440,76092
"1595 N Pearson Ln, Southlake, TX 76092",Southlake,3.5,4,2495000,3752,76092
"710 S White Chapel Blvd, Southlake, TX 76092",Southlake,7.5,7,4998000,10986,76092
"309 Augusta Ct, Southlake, TX 76092",Southlake,5,4,1725000,6550,76092
"1805 Castle Ct, Grapevine, TX 76051",Grapevine,3.5,3,599000,2873,76051
"387 Watermere Dr, Southlake, TX 76092",Southlake,3,2,599000,2453,76092
"402 Wickham Ln, Southlake, TX 76092",Southlake,4,5,1100000,4407,76092
"405 Jackson Sq, Southlake, TX 76092",Southlake,5.5,6,2000000,5345,76092
"865 W Dove Rd, Southlake, TX 76092",Southlake,5.5,5,3400000,6316,76092
"301 Watermere Dr #420, Southlake, TX 76092",Southlake,2.5,3,439000,2022,76092
"1417 Eagle Bnd, Southlake, TX 76092",Southlake,5.5,5,2100000,6783,76092
"1302 Wakefield Ct, Southlake, TX 76092",Southlake,4.5,5,1680000,5697,76092
"710 Whispering Wood, Southlake, TX 76092",Southlake,3.5,3,950000,3872,76092
"4408 Saddleback Ln, Southlake, TX 76092",Southlake,2,2,1320000,1000,76092
"4408 Saddleback Ln #4412, Southlake, TX 76092",Southlake,2,2,660000,1000,76092
"4408 Saddleback Ln #4408, Southlake, TX 76092",Southlake,2,2,660000,1000,76092
"350 Central Ave #207, Southlake, TX 76092",Southlake,2,2,1040000,1565,76092
"1201 Cypress Creek Cir, Southlake, TX 76092",Southlake,3.5,5,1195000,5374,76092
"509 Boulder Dr, Southlake, TX 76092",Southlake,4.5,5,1849000,6023,76092
"3125 Florence Rd, Southlake, TX 76092",Southlake,5,4,2998000,6755,76092
"4608 Saddleback Ln, Southlake, TX 76092",Southlake,2,2,995000,1000,76092
"4504 Saddleback Ln, Southlake, TX 76092",Southlake,2,2,675000,1000,76092
"4317 Saddleback Ln, Southlake, TX 76092",Southlake,2,2,675000,1000,76092
"6011 Crimson Dr, McKinney, TX 75072",McKinney,3,4,565000,2953,75072
"7800 Linksview Dr, McKinney, TX 75072",McKinney,4.5,5,674962,4379,75072
"5320 Bear Valley Dr, McKinney, TX 75071",McKinney,2,3,360000,2122,75071
"809 Baker St, McKinney, TX 75069",McKinney,2.5,3,534900,2409,75069
"8605 Palermo Way, McKinney, TX 75071",McKinney,4.5,5,699990,4349,75071
"3617 Rand Creek Trl, McKinney, TX 75070",McKinney,2,3,295000,1342,75070
"2504 Barranca Way, McKinney, TX 75069",McKinney,2,3,375000,1946,75069
"813 Chapel Hill Ln, McKinney, TX 75069",McKinney,3,3,499900,2726,75069
"9204 Chesapeake Ln, McKinney, TX 75071",McKinney,2,3,300000,1826,75071
"5200 Sutton Cir #3101, McKinney, TX 75070",McKinney,3,3,480000,2893,75070
"3300 Ski Lift Ct, McKinney, TX 75070",McKinney,3.5,4,550000,3228,75070
"5005 Raincrest Dr, McKinney, TX 75071",McKinney,2,3,350000,2000,75071
"1208 SCENIC HILLS Dr, McKinney, TX 75071",McKinney,2.5,4,349000,2711,75071
"4305 Rancho Del Norte Trl, McKinney, TX 75070",McKinney,2.5,4,350000,2547,75070
"903 W Josephine St, McKinney, TX 75069",McKinney,3,5,354900,2600,75069
"403 E Standifer St, McKinney, TX 75069",McKinney,2,5,350000,2137,75069
"1205 Old Bridge Ct, McKinney, TX 75072",McKinney,3.5,4,650000,3702,75072
"2309 Leslie Ln, McKinney, TX 75072",McKinney,4,5,700000,3997,75072
"6909 Frying Pan Dr, McKinney, TX 75070",McKinney,2.5,3,460000,2326,75070
"1916 Abbeygale Dr, McKinney, TX 75071",McKinney,3,4,445000,2949,75071
"2910 Twin Eagles Dr, Celina, TX 75009",Celina,4,4,950000,4109,75009
"5620 Vineyard Ln, McKinney, TX 75070",McKinney,2,4,395000,2224,75070
"5433 Buckland Dr, McKinney, TX 75070",McKinney,2.5,4,399000,2773,75070
"4020 Deer Lake Dr, McKinney, TX 75071",McKinney,2.5,3,438000,2536,75071
"2848 Fair Timber Way, McKinney, TX 75071",McKinney,3.5,5,399990,2972,75071
"5516 Ripasso St, McKinney, TX 75070",McKinney,3,4,450000,2967,75070
"1213 Big Bend Dr, McKinney, TX 75069",McKinney,2,3,285000,1406,75069
"2604 Golfview Dr, McKinney, TX 75069",McKinney,2.5,4,429900,3078,75069
"9824 Hedge Bell Dr, McKinney, TX 75072",McKinney,2,3,329900,1924,75072
"2513 Sunnyside Dr, McKinney, TX 75071",McKinney,3,4,419900,2517,75071
"6920 Wind Row Dr, McKinney, TX 75070",McKinney,2.5,3,300000,2011,75070
"9737 Water Tree Dr, McKinney, TX 75072",McKinney,3,4,385000,2398,75072
"3010 Deer Trl, McKinney, TX 75071",McKinney,2.5,4,320000,2080,75071
"1409 Eastbrook Dr, McKinney, TX 75071",McKinney,2,3,369900,1896,75071
"1505 Canyon Wren Dr, McKinney, TX 75071",McKinney,2,3,449000,2241,75071
"1802 Forest Hl, McKinney, TX 75072",McKinney,3,4,670000,3700,75072
"2150 Fm 546, McKinney, TX 75069",McKinney,2,3,300000,1621,75069
"2515 Shadow Lane Dr, McKinney, TX 75072",McKinney,2,3,336000,1982,75072
"2322 Brookview Dr, McKinney, TX 75072",McKinney,2,3,285000,1171,75072
"5002 Quail Ridge Dr, McKinney, TX 75072",McKinney,2,2,269000,1527,75072
"9913 Beaver Dam Ln, McKinney, TX 75071",McKinney,2.5,3,359900,1826,75071
"1216 Woodvale Dr, Bedford, TX 76021",Bedford,2,4,450000,2654,76021
"4000 Windview Dr, Colleyville, TX 76034",Colleyville,2.5,3,485000,2548,76034
"5804 Bryton Ct, Colleyville, TX 76034",Colleyville,4,4,925000,3644,76034
"3900 Magnolia Ct, Colleyville, TX 76034",Colleyville,3,4,515000,2762,76034
"6717 St Moritz Pkwy, Colleyville, TX 76034",Colleyville,5,5,1089000,5122,76034
"728 Huntwich Dr, Bedford, TX 76021",Bedford,2,3,319900,1865,76021
"4704 Bransford Rd, Colleyville, TX 76034",Colleyville,1.5,2,550000,1515,76034
"4801 Melrose Park Dr, Colleyville, TX 76034",Colleyville,4,5,689000,4102,76034
"1008 Michael Sean Ct, Bedford, TX 76021",Bedford,3,5,529900,2692,76021
"6905 Glenview Ln, Colleyville, TX 76034",Colleyville,4,5,645000,3583,76034
"3764 Shumard Oak Ln, Colleyville, TX 76034",Colleyville,3,4,600000,2980,76034
"2728 Woodbridge Dr, Hurst, TX 76054",Hurst,3.5,4,450000,3151,76054
"5302 Cottonwood Ct, Colleyville, TX 76034",Colleyville,5.5,5,850000,5309,76034
"4005 Allendale St, Colleyville, TX 76034",Colleyville,3,4,500000,2294,76034
"4601 Winewood Ct, Colleyville, TX 76034",Colleyville,5.5,5,1950000,6156,76034
"4005 Mockingbird Ln, Colleyville, TX 76034",Colleyville,5,5,850000,4377,76034
"5701 Ponderosa St, Colleyville, TX 76034",Colleyville,5,5,1100000,4924,76034
"6407 Meade Dr, Colleyville, TX 76034",Colleyville,3,4,712500,3584,76034
"1630 Bent Creek Dr, Southlake, TX 76092",Southlake,6,4,1675000,5440,76092
"6521 Talbot Trl, Colleyville, TX 76034",Colleyville,2.5,3,650000,2799,76034
"6744 St Moritz Pkwy, Colleyville, TX 76034",Colleyville,5.5,4,1499000,5810,76034
"305 W Ld Lockett Rd, Colleyville, TX 76034",Colleyville,5.5,4,6900000,9075,76034
"600 Trails End Ct, Hurst, TX 76054",Hurst,3.5,6,549900,3210,76054
"405 Timberline Dr N, Colleyville, TX 76034",Colleyville,2,3,489900,1639,76034
"309 Augusta Ct, Southlake, TX 76092",Southlake,5,4,1725000,6550,76092
"5601 Ponderosa St, Colleyville, TX 76034",Colleyville,3,4,620000,2997,76034
"703 Marie Dr, Colleyville, TX 76034",Colleyville,2,2,450000,1000,76034
"804 Sawyer Dr, Colleyville, TX 76034",Colleyville,2,2,425000,1000,76034
"1317 Glade, Colleyville, TX 76034",Colleyville,2,3,550000,1562,76034
"2500 San Jacinto Dr, Euless, TX 76039",Euless,4.5,4,700000,3703,76039
"6008 LD LOCKETT Rd, Colleyville, TX 76034",Colleyville,2,2,525000,1000,76034
"428 Wren Ct, Bedford, TX 76021",Bedford,3,4,379000,2270,76021
"4909 Beldon Trl, Colleyville, TX 76034",Colleyville,5.5,5,1980000,6368,76034
"822 Marie Dr, Colleyville, TX 76034",Colleyville,5.5,5,1800000,5169,76034
"1903 Maplewood Trl, Colleyville, TX 76034",Colleyville,2.5,3,325000,1303,76034
"5611 Winnie Dr, Colleyville, TX 76034",Colleyville,2,2,390000,1000,76034
"5200 Pool Rd, Colleyville, TX 76034",Colleyville,6,5,1650000,6161,76034
"4115 Coachman Ln, Colleyville, TX 76034",Colleyville,4,5,599000,3438,76034
"4925 Rockrimmon Ct, Colleyville, TX 76034",Colleyville,5.5,5,1425000,6027,76034
"7106 Belle Meade Dr, Colleyville, TX 76034",Colleyville,4.5,5,939000,4364,76034
"1509 Tinker Rd #2, Colleyville, TX 76034",Colleyville,1,3,575000,1648,76034
"423 Alex Dr, Coppell, TX 75019",Coppell,2.5,3,339900,1717,75019
"732 Parkway Blvd, Coppell, TX 75019",Coppell,3,3,425000,2169,75019
"511 Beverly Dr, Coppell, TX 75019",Coppell,3,4,599000,3427,75019
"280 Lodge Rd, Coppell, TX 75019",Coppell,2,2,245000,1230,75019
"312 Morning Mist, Coppell, TX 75019",Coppell,2.5,3,425000,2352,75019
"1432 Grapevine Creek Dr, Coppell, TX 75019",Coppell,2.5,4,549000,2807,75019
"312 Dogwood Trl, Coppell, TX 75019",Coppell,2.5,4,499000,2587,75019
"335 Spanish Moss Dr, Coppell, TX 75019",Coppell,2.5,4,399900,2649,75019
"901 Tupelo Dr, Coppell, TX 75019",Coppell,2,3,299900,1387,75019
"240 Sleepy Hollow Ln, Coppell, TX 75019",Coppell,4,5,668000,3763,75019
"624 Autumnwood Ln, Coppell, TX 75019",Coppell,3,4,465000,2528,75019
"449 Harris St Unit 104M, Coppell, TX 75019",Coppell,2,2,235000,1254,75019
"145 Hearthwood Dr, Coppell, TX 75019",Coppell,2,3,425000,2185,75019
"620 Loch Ln, Coppell, TX 75019",Coppell,3.5,4,455000,2238,75019
"840 Fallkirk Ct, Coppell, TX 75019",Coppell,3,4,462000,2886,75019
"449 Harris St Unit O-102, Coppell, TX 75019",Coppell,2,2,234900,1254,75019
"213 Pecan Hollow Dr, Coppell, TX 75019",Coppell,3.5,4,550000,3501,75019
"518 Gifford Dr, Coppell, TX 75019",Coppell,2,4,541000,2699,75019
"409 Kaye St, Coppell, TX 75019",Coppell,1,2,335000,1024,75019
"146 Washington Ct, Coppell, TX 75019",Coppell,3.5,3,1175000,3372,75019
"200 Fieldcrest Cir, Coppell, TX 75019",Coppell,3,4,655000,4028,75019
"743 Lexington Ave, Coppell, TX 75019",Coppell,5.5,5,1470000,5385,75019
"151 Fallkirk Dr, Coppell, TX 75019",Coppell,2.5,4,450000,2599,75019
"529 Oak Grove Ln, Coppell, TX 75019",Coppell,4,5,969900,4006,75019
"542 Beverly Dr, Coppell, TX 75019",Coppell,4.5,5,2950000,5171,75019
"802 Mango Ct, Coppell, TX 75019",Coppell,2,2,225000,1000,75019
"526 Greenwich Ln, Coppell, TX 75019",Coppell,2,3,445000,1884,75019
"714 E Peninsula Dr, Coppell, TX 75019",Coppell,4.5,5,889000,5711,75019
"2112 Bentley Dr, Flower Mound, TX 75028",Flower Mound,2.5,3,425000,2337,75028
"2612 Ruby Crest Ct, Flower Mound, TX 75022",Flower Mound,3.5,4,550000,3381,75022
"2316 Pinehurst Dr, Flower Mound, TX 75028",Flower Mound,2.5,4,465000,3041,75028
"2836 Stratford Ln, Flower Mound, TX 75028",Flower Mound,2,3,379900,2009,75028
"2108 Bershire Dr, Flower Mound, TX 75028",Flower Mound,2,4,339950,1935,75028
"9105 Shoshone Trl, Flower Mound, TX 75022",Flower Mound,2,3,264900,1152,75022
"1912 Flatwood Dr, Flower Mound, TX 75028",Flower Mound,2.5,4,425000,2533,75028
"2801 Mcpherson Ln, Flower Mound, TX 75022",Flower Mound,2.5,4,815000,3344,75022
"3948 Saturn St, Flower Mound, TX 75028",Flower Mound,4,5,689900,3643,75028
"2505 Harvard Dr, Flower Mound, TX 75022",Flower Mound,2,3,375000,1915,75022
"2625 Briar Patch Ln, Flower Mound, TX 75022",Flower Mound,2.5,4,675000,2675,75022
"5324 Colonial Dr, Flower Mound, TX 75028",Flower Mound,2.5,3,350000,2057,75028
"3200 Beth Dr, Flower Mound, TX 75022",Flower Mound,3.5,4,565000,3212,75022
"5423 Luttrell Ct, Flower Mound, TX 75028",Flower Mound,2,3,295000,1642,75028
"2212 Willa Brown, Flower Mound, TX 75028",Flower Mound,5.5,5,1268578,5337,75028
"6501 Sorrento Ln, Flower Mound, TX 75077",Flower Mound,4.5,5,1038000,5200,75077
"3808 Hide A Way Ln, Flower Mound, TX 75022",Flower Mound,2,3,975000,1678,75022
"6109 Gateridge Dr, Flower Mound, TX 75028",Flower Mound,4,4,564000,3005,75028
"5412 Buckner Ct, Flower Mound, TX 75028",Flower Mound,2,3,395000,1836,75028
"309 Bridgewater Ave, Flower Mound, TX 75028",Flower Mound,2.5,2,366990,1515,75028
"1201 Durango Pl, Flower Mound, TX 75028",Flower Mound,2.5,4,466000,2557,75028
"3908 Churchill Dr, Flower Mound, TX 75028",Flower Mound,2,3,340000,1700,75028
"4205 Zachary Way, Flower Mound, TX 75028",Flower Mound,3.5,4,550000,3260,75028
"1824 Hill Rdg, Flower Mound, TX 75028",Flower Mound,3,4,489000,3383,75028
"3716 Ping Dr, Flower Mound, TX 75028",Flower Mound,3,3,535000,3047,75028
"2308 Bella Lago Dr, Flower Mound, TX 75022",Flower Mound,3.5,4,1250000,4997,75022
"1537 Twistleaf Rd, Flower Mound, TX 76226",Flower Mound,3,4,500000,2568,76226
"6405 Eagle Creek Dr, Flower Mound, TX 75028",Flower Mound,2,3,375000,2312,75028
"6401 Red Bud Dr, Flower Mound, TX 75022",Flower Mound,2.5,4,2500000,3271,75022
"5617 Sunnyside Dr, Flower Mound, TX 75028",Flower Mound,4,4,599000,3447,75028
"4015 Ridgecrest Dr, Flower Mound, TX 75022",Flower Mound,2.5,3,559500,2787,75022
"5901 Rue Jordan, Flower Mound, TX 75022",Flower Mound,2,2,695000,1000,75022
"1408 San Jacinto Dr, Flower Mound, TX 75028",Flower Mound,4.5,5,585000,4238,75028
"3613 Lofty Pines Ln, Flower Mound, TX 75028",Flower Mound,2.5,4,479900,2906,75028
"5809 Sandstone Ct, Flower Mound, TX 75022",Flower Mound,6,4,2000000,5724,75022
"2012 La Salle, Flower Mound, TX 75022",Flower Mound,2,2,499000,1000,75022
"4140 1 Place Ln, Flower Mound, TX 75028",Flower Mound,3,3,269000,1739,75028
"2249 Red Maple Rd, Flower Mound, TX 75022",Flower Mound,2.5,4,385000,2338,75022
"2717 Huntly Ln, Flower Mound, TX 75022",Flower Mound,3.5,4,598000,3526,75022
"Scenic Dr, Flower Mound, TX 75022",Flower Mound,2,2,1950000,1000,75022
"1113 Wood Creek Cir, Flower Mound, TX 75028",Flower Mound,2,4,367000,2174,75028
