,Address,NumberOfBaths,NumberOfBeds,Price,SqFt,ZipCode
0,"5395 Statesman Ln, Frisco, TX 75036",5.0,5.0,780000.0,4482.0,75036
1,"11509 Parade Dr, Frisco, TX 75036",2.0,4.0,325000.0,2018.0,75036
2,"12759 Blue Ridge Dr, Frisco, TX 75033",3.0,4.0,400000.0,3196.0,75033
3,"13003 Michelle Dr, Frisco, TX 75035",2.0,3.0,274900.0,1660.0,75035
4,"1186 Shortgrass Ln, Frisco, TX 75033",3.5,4.0,489900.0,3576.0,75033
5,"7684 Traveller St, Frisco, TX 75034",4.5,4.0,895000.0,4370.0,75034
6,"3527 Sevilla Dr, Frisco, TX 75034",3.5,3.0,498000.0,2616.0,75034
7,"1880 Hollow Falls Ct, Frisco, TX 75036",3.0,4.0,495000.0,3706.0,75036
8,"10710 Ambergate Ln, Frisco, TX 75035",2.0,3.0,329900.0,1780.0,75035
9,"8230 Kentland Dr, Frisco, TX 75034",2.5,3.0,489900.0,2477.0,75034
10,"4411 Whispering Lake Dr, Frisco, TX 75036",3.0,4.0,499000.0,3374.0,75036
11,"4701 Ray Roberts Dr, Frisco, TX 75036",2.5,4.0,327888.0,2143.0,75036
12,"8213 Presidio Dr, Frisco, TX 75033",2.0,3.0,357000.0,2489.0,75033
13,"12471 Hawk Creek Dr, Frisco, TX 75033",3.0,4.0,385000.0,3148.0,75033
14,"10809 Sexton Dr, McKinney, TX 75072",4.0,5.0,499999.0,3631.0,75072
15,"15150 Catalpa Rd, Frisco, TX 75035",3.0,4.0,500000.0,2293.0,75035
16,"1170 Shortgrass Ln, Frisco, TX 75033",3.0,4.0,449900.0,2516.0,75033
17,"6468 Stallion Ranch Rd, Frisco, TX 75036",3.0,5.0,565000.0,3187.0,75036
18,"13334 Ignatius Dr, Frisco, TX 75035",4.5,5.0,880000.0,4963.0,75035
19,"14271 Sorano Dr, Frisco, TX 75035",4.0,5.0,565000.0,4350.0,75035
20,"4867 Corinthian Bay Dr, Frisco, TX 75034",3.5,4.0,510000.0,3455.0,75034
21,"2261 April Sound Ln, Frisco, TX 75033",3.5,4.0,489000.0,3895.0,75033
22,"2269 Mustang Trl, Frisco, TX 75033",3.5,4.0,615000.0,4009.0,75033
23,"1254 Hazel Grn, Frisco, TX 75033",4.0,5.0,429900.0,4243.0,75033
24,"7780 Arches Ln, Frisco, TX 75035",5.5,5.0,679000.0,4312.0,75035
25,"5734 Country View Ln, Frisco, TX 75036",3.5,4.0,399000.0,3354.0,75036
26,"1250 Gray Fox Ln, Frisco, TX 75033",2.5,3.0,468848.0,2622.0,75033
27,"2330 Soaring Star Ln, Frisco, TX 75036",3.5,4.0,440000.0,3279.0,75036
28,"11367 Mansfield Dr, Frisco, TX 75035",2.0,3.0,339000.0,2579.0,75035
29,"1407 Scarlet Ln, Frisco, TX 75033",2.5,3.0,420000.0,2148.0,75033
30,"12606 Grayhawk Blvd, Frisco, TX 75033",3.5,4.0,499950.0,4498.0,75033
31,"1180 Bayfield Dr, Frisco, TX 75033",3.5,4.0,485000.0,3730.0,75033
32,"13829 Tahoe Ln, Frisco, TX 75035",4.0,5.0,415000.0,3816.0,75035
33,"3046 Kentshire Ln, Frisco, TX 75034",4.0,5.0,639000.0,5001.0,75034
34,"6732 Rambling Trl, Frisco, TX 75034",4.0,5.0,539900.0,4209.0,75034
35,"12288 Tamarack Trl, Frisco, TX 75035",3.5,4.0,465990.0,3734.0,75035
36,"14708 Ireland Ln, Frisco, TX 75035",4.5,5.0,574900.0,3973.0,75035
37,"7909 Tatum Dr, Frisco, TX 75036",2.0,2.0,259900.0,1307.0,75036
38,"2167 Quail Meadow Ln, Frisco, TX 75036",3.5,4.0,399000.0,2988.0,75036
39,"8002 Hickory Branch Dr, Frisco, TX 75034",4.0,5.0,435000.0,2792.0,75034
40,"2891 Sage Ridge Dr, Frisco, TX 75034",4.0,4.0,525000.0,3395.0,75034
41,"2627 Douglas Ave #132, Dallas, TX 75219",1.0,1.0,124995.0,769.0,75219
42,"130 N Edgefield Ave, Dallas, TX 75208",2.0,4.0,635000.0,2484.0,75208
43,"4109 Lafayette St, Dallas, TX 75204",3.5,3.0,410000.0,1879.0,75204
44,"925 Hollywood Ave, Dallas, TX 75208",1.0,3.0,229900.0,1252.0,75208
45,"3955 Buena Vista St Unit A, Dallas, TX 75204",1.5,2.0,275000.0,999.0,75204
46,"305 Cosbie Dr, Irving, TX 75063",2.0,3.0,345000.0,2020.0,75063
47,"9408 Thornberry Ln, Dallas, TX 75220",2.0,3.0,299900.0,1390.0,75220
48,"3339 San Jacinto St, Dallas, TX 75204",2.0,2.0,349900.0,1072.0,75204
49,"3206 Camelot Dr, Dallas, TX 75229",2.5,4.0,498000.0,2189.0,75229
50,"4522 Stigall Dr, Dallas, TX 75209",1.0,2.0,225000.0,980.0,75209
51,"5312 Tennington Park, Dallas, TX 75287",3.5,5.0,900000.0,4429.0,75287
52,"7708 Royal Ln #205, Dallas, TX 75230",2.0,2.0,145000.0,1161.0,75230
53,"1543 Serenade Ln, Dallas, TX 75241",2.0,3.0,199000.0,1781.0,75241
54,"7307 Kaywood Dr, Dallas, TX 75209",1.0,2.0,425000.0,1013.0,75209
55,"5818 E University Blvd #130, Dallas, TX 75206",2.0,2.0,195000.0,945.0,75206
56,"1407 Glenfield Ave, Dallas, TX 75224",2.0,2.0,325000.0,1836.0,75224
57,"4031 Holland Ave Unit G, Dallas, TX 75219",1.0,1.0,232500.0,800.0,75219
58,"3609 Patience Blvd, Dallas, TX 75236",2.0,4.0,324990.0,2067.0,75236
59,"2210 Tosca Ln, Dallas, TX 75224",2.0,3.0,245000.0,2048.0,75224
60,"9963 Constance St, Dallas, TX 75220",2.0,3.0,250000.0,1355.0,75220
61,"3812 Belton Dr, Dallas, TX 75287",2.5,3.0,395000.0,2275.0,75287
62,"12830 Midway Rd #2127, Dallas, TX 75244",1.5,1.0,135000.0,732.0,75244
63,"5120 Tremont St, Dallas, TX 75214",4.5,4.0,950000.0,3810.0,75214
64,"9752 Burney Dr, Dallas, TX 75243",2.5,3.0,379900.0,2409.0,75243
65,"7417 Silverthorn Dr, Rowlett, TX 75089",2.0,3.0,295000.0,2194.0,75089
66,"13219 Emily Rd #4211, Dallas, TX 75240",1.0,1.0,136900.0,839.0,75240
67,"5227 Homer St, Dallas, TX 75206",2.0,3.0,599750.0,2150.0,75206
68,"9703 Robin Hill Cir, Dallas, TX 75238",2.5,3.0,475000.0,1889.0,75238
69,"6404 Everglade Rd, Dallas, TX 75227",2.0,3.0,260000.0,1835.0,75227
70,"1916 Lake Front Trl, Garland, TX 75043",4.0,5.0,389000.0,3148.0,75043
71,"2630 Calvin St #101, Dallas, TX 75204",2.5,2.0,425000.0,1817.0,75204
72,"11311 Goddard Ct, Dallas, TX 75218",2.5,3.0,549000.0,3434.0,75218
73,"4017 Buena Vista St #104, Dallas, TX 75204",2.5,2.0,360000.0,1183.0,75204
74,"3511 Dickason Ave #2, Dallas, TX 75219",2.5,2.0,435000.0,2201.0,75219
75,"6406 La Manga Dr, Dallas, TX 75248",3.0,4.0,659500.0,2600.0,75248
76,"3030 Bryan St #205, Dallas, TX 75204",1.5,1.0,360000.0,1313.0,75204
77,"5917 Hollis Ave, Dallas, TX 75227",1.0,2.0,190000.0,985.0,75227
78,"4318 Vandelia St, Dallas, TX 75219",2.0,2.0,600000.0,1749.0,75219
79,"7118 Winding Creek Rd, Dallas, TX 75252",3.5,5.0,829900.0,4141.0,75252
80,"3915 Buena Vista St Unit B, Dallas, TX 75204",1.5,2.0,289000.0,1053.0,75204
81,"7410 Wild Valley Dr, Dallas, TX 75231",2.0,2.0,379000.0,1479.0,75231
82,"12532 Treyburn Dr, Fort Worth, TX 76244",2.5,4.0,434900.0,2775.0,76244
83,"4509 Tacoma Ter, Fort Worth, TX 76123",2.0,3.0,239900.0,1863.0,76123
84,"7517 Acapulco Rd, Fort Worth, TX 76112",2.0,3.0,175000.0,1271.0,76112
85,"4621 Prickly Pear Dr, Fort Worth, TX 76244",2.5,3.0,279900.0,2287.0,76244
86,"4445 Rolling Hills Dr, Fort Worth, TX 76119",3.5,5.0,899000.0,3516.0,76119
87,"7800 Hidden Gate Ct, Fort Worth, TX 76120",2.0,3.0,230000.0,1654.0,76120
88,"10261 Brea Canyon Rd, Fort Worth, TX 76108",2.0,3.0,220000.0,1825.0,76108
89,"6028 Bear Creek Dr E, Fort Worth, TX 76126",2.0,3.0,194900.0,1168.0,76126
90,"5109 Mountain Spring Trl, Fort Worth, TX 76123",1.0,2.0,150000.0,1058.0,76123
91,"3721 Verde Dr, Fort Worth, TX 76244",2.0,4.0,268000.0,2150.0,76244
92,"602 Creekside Dr, Euless, TX 76040",2.5,3.0,269000.0,2044.0,76040
93,"7116 Culver Ave, Fort Worth, TX 76116",2.0,3.0,249900.0,1914.0,76116
94,"1328 Nicole Way, Fort Worth, TX 76028",3.0,4.0,235000.0,1920.0,76028
95,"10261 Sunset View Dr, Fort Worth, TX 76108",2.0,3.0,225000.0,1680.0,76108
96,"2916 Patino Rd, Fort Worth, TX 76112",3.0,5.0,285000.0,2760.0,76112
97,"829 San Miguel Trl, Fort Worth, TX 76052",2.0,3.0,250000.0,1537.0,76052
98,"4133 Wilderness Pass, Fort Worth, TX 76262",2.0,3.0,410000.0,2153.0,76262
99,"340 Amethyst Dr, Fort Worth, TX 76131",2.0,3.0,249000.0,1659.0,76131
100,"8510 Fairway Dr, Fort Worth, TX 76179",3.0,4.0,375000.0,2514.0,76179
101,"5625 Woodway Dr, Fort Worth, TX 76133",2.0,3.0,245000.0,1952.0,76133
102,"4129 Broken Bend Blvd, Fort Worth, TX 76244",2.0,3.0,299000.0,2088.0,76244
103,"301 Frontier St, River Oaks, TX 76114",2.5,6.0,359000.0,3901.0,76114
104,"2916 27th St, Fort Worth, TX 76106",2.0,3.0,189500.0,1371.0,76106
105,"3012 Creekwood Ln, Fort Worth, TX 76123",2.0,3.0,200000.0,1355.0,76123
106,"5409 Crater Lake Dr, Fort Worth, TX 76137",2.5,5.0,325000.0,2538.0,76137
107,"9145 Winding River Dr, Fort Worth, TX 76118",2.0,3.0,289000.0,1713.0,76118
108,"5621 Fursman Ave, Fort Worth, TX 76114",2.0,4.0,269000.0,1608.0,76114
109,"6400 New Harbor Ln, Fort Worth, TX 76179",2.0,3.0,220000.0,1612.0,76179
110,"3944 Esker Dr, Fort Worth, TX 76137",2.0,3.0,320000.0,2057.0,76137
111,"6725 Cambrian Way, Fort Worth, TX 76137",2.0,3.0,255000.0,1861.0,76137
112,"625 Blue Lake Dr, Fort Worth, TX 76103",2.0,5.0,309999.0,2484.0,76103
113,"3433 W 6th St, Fort Worth, TX 76107",2.5,3.0,389900.0,1948.0,76107
114,"11833 Tuscarora Dr, Fort Worth, TX 76108",2.0,3.0,275000.0,2029.0,76108
115,"3700 Hulen Park Dr, Fort Worth, TX 76109",2.5,2.0,299900.0,2000.0,76109
116,"8808 Holt St, Lakeside, TX 76135",2.0,3.0,250000.0,1607.0,76135
117,"10445 Hideaway Trl, Fort Worth, TX 76131",2.0,3.0,217500.0,1545.0,76131
118,"9113 Nightingale Dr, Fort Worth, TX 76123",2.0,3.0,215500.0,1790.0,76123
119,"2524 Crofoot Trl, Haslet, TX 76052",2.0,4.0,400000.0,2256.0,76052
120,"2721 Los Alamos Trl, Fort Worth, TX 76131",2.0,4.0,339999.0,2326.0,76131
121,"3716 Misty Meadow Dr, Fort Worth, TX 76133",2.5,3.0,203000.0,1654.0,76133
122,"7916 Rogue River Trl, Fort Worth, TX 76137",2.5,5.0,310000.0,2602.0,76137
123,"7400 Hamner Ln, Plano, TX 75024",3.5,4.0,489000.0,3456.0,75024
124,"2205 London Dr, Plano, TX 75025",2.5,4.0,309900.0,2081.0,75025
125,"4005 Bonita Dr, Plano, TX 75024",2.0,3.0,314500.0,1805.0,75024
126,"3804 Shumard Oak Dr, Plano, TX 75074",2.5,3.0,340000.0,1846.0,75074
127,"4425 Buchanan Dr, Plano, TX 75024",3.0,4.0,450000.0,2996.0,75024
128,"1724 Westlake Dr, Plano, TX 75075",3.0,4.0,455000.0,2437.0,75075
129,"6721 Norway Ct, Plano, TX 75023",2.0,3.0,285000.0,1636.0,75023
130,"548 Shoreline St, Plano, TX 75075",3.5,3.0,599999.0,2542.0,75075
131,"3039 Montego Pl, Plano, TX 75023",3.5,4.0,412000.0,2844.0,75023
132,"2524 Alexa Ct, Plano, TX 75075",3.5,5.0,485000.0,3724.0,75075
133,"3604 Whiffletree Dr, Plano, TX 75023",2.0,4.0,375000.0,2535.0,75023
134,"4300 Foxtail Ln, Plano, TX 75024",3.0,4.0,440000.0,3376.0,75024
135,"2020 Liverpool Dr, Plano, TX 75025",2.0,3.0,325000.0,1966.0,75025
136,"2405 Bengal Ln, Plano, TX 75023",2.0,3.0,295000.0,1798.0,75023
137,"4106 San Mateo Dr, Plano, TX 75093",2.0,3.0,257000.0,1590.0,75093
138,"2044 Colborne Dr, Plano, TX 75025",2.5,3.0,344900.0,2362.0,75025
139,"5953 Mcfarland Dr, Plano, TX 75093",3.5,4.0,725000.0,4731.0,75093
140,"2508 Glenhaven Dr, Plano, TX 75023",2.5,4.0,340000.0,2119.0,75023
141,"3532 Duval Dr, Plano, TX 75025",3.0,5.0,405000.0,3160.0,75025
142,"2408 Plentywood Dr, Plano, TX 75025",2.5,5.0,399900.0,2623.0,75025
143,"3604 Tumbril Ln, Plano, TX 75023",2.5,4.0,409900.0,2631.0,75023
144,"7307 Bryers Cir, Plano, TX 75025",3.5,5.0,549900.0,3927.0,75025
145,"7821 Aqua Vista Dr, Plano, TX 75025",2.0,4.0,355000.0,2533.0,75025
146,"2333 Wooten Pl, Plano, TX 75025",2.5,4.0,339900.0,2098.0,75025
147,"2305 Molly Ln, Plano, TX 75074",2.5,3.0,298000.0,1629.0,75074
148,"2013 Sandpiper Cir, Plano, TX 75075",3.0,4.0,450000.0,2792.0,75075
149,"2920 Cranston Pl, Plano, TX 75025",1.5,2.0,245000.0,1346.0,75025
150,"5816 Johns Wood Dr, Plano, TX 75093",4.5,4.0,650000.0,3614.0,75093
151,"7938 Bishop Rd, Plano, TX 75024",3.5,3.0,400000.0,2112.0,75024
152,"7901 Mulchin Way S, Plano, TX 75024",2.0,3.0,340000.0,1729.0,75024
153,"7213 Fair Valley Way, Plano, TX 75024",2.5,4.0,400000.0,3068.0,75024
154,"6220 Walling Ln, Plano, TX 75093",3.5,5.0,599000.0,4006.0,75093
155,"9004 Azinger Dr, Plano, TX 75025",2.0,3.0,325000.0,2039.0,75025
156,"901 Brookville Ct, Plano, TX 75074",3.5,4.0,340000.0,2079.0,75074
157,"4504 Crown Ridge Dr, Plano, TX 75024",3.0,4.0,485000.0,3081.0,75024
158,"1708 Lake Shore Ln, Plano, TX 75023",2.5,4.0,445000.0,2568.0,75023
159,"3633 Legendary Ln, Plano, TX 75023",2.0,4.0,409000.0,2167.0,75023
160,"3624 Oakcrest Dr, Plano, TX 75025",3.5,5.0,540000.0,3732.0,75025
161,"7112 Chandler Dr, Plano, TX 75024",3.0,4.0,400000.0,3010.0,75024
162,"2717 Winfield Dr, Plano, TX 75023",2.5,4.0,290000.0,2099.0,75023
163,"9301 Warm Springs Cir, Plano, TX 75024",3.0,3.0,429900.0,2681.0,75024
164,"5727 Vandalia Trl, Arlington, TX 76017",2.0,3.0,220000.0,1460.0,76017
165,"2806 Marquis Cir E, Arlington, TX 76016",3.5,5.0,450000.0,3805.0,76016
166,"7706 White Fawn Rd, Arlington, TX 76002",2.0,4.0,324990.0,2245.0,76002
167,"1405 Mount Evans Trl, Arlington, TX 76005",2.0,3.0,365000.0,1796.0,76005
168,"924 Dunkirk Ln, Arlington, TX 76017",3.5,5.0,315000.0,3171.0,76017
169,"4718 Raspberry Spar Ct, Arlington, TX 76005",2.5,3.0,439000.0,2227.0,76005
170,"1115 Prairie Ridge Ln, Arlington, TX 76005",3.5,3.0,518500.0,3278.0,76005
171,"6030 Paradise Dr, Arlington, TX 76001",2.0,3.0,278000.0,1811.0,76001
172,"824 Carrington Dr, Arlington, TX 76001",2.0,3.0,224800.0,1436.0,76001
173,"2310 Pennington Dr, Arlington, TX 76014",2.0,4.0,245000.0,2154.0,76014
174,"2509 Engleford Dr, Arlington, TX 76015",2.0,3.0,210000.0,1718.0,76015
175,"204 S Davis Dr, Arlington, TX 76013",1.0,2.0,175000.0,1488.0,76013
176,"412 Pebble Way #250, Arlington, TX 76006",1.0,2.0,139900.0,896.0,76006
177,"1908 Caddo Village Rd, Arlington, TX 76001",2.5,4.0,330000.0,2633.0,76001
178,"4417 Indigo Lark Ln, Arlington, TX 76005",2.0,3.0,359000.0,1702.0,76005
179,"1011 Eric Ave, Arlington, TX 76012",2.0,3.0,199900.0,1449.0,76012
180,"4016 Shady Forge Trl, Arlington, TX 76005",3.5,3.0,525000.0,3278.0,76005
181,"1408 Ravenwood Dr, Arlington, TX 76013",1.5,3.0,185000.0,1215.0,76013
182,"7210 Lake Mead Blvd, Arlington, TX 76016",3.0,5.0,425000.0,3109.0,76016
183,"6806 Capitol Hill Dr, Arlington, TX 76017",3.0,5.0,335000.0,2984.0,76017
184,"6103 Brookfall Dr, Arlington, TX 76018",2.0,4.0,249900.0,1901.0,76018
185,"5401 Oak Springs Dr, Arlington, TX 76016",2.5,3.0,265000.0,2642.0,76016
186,"6920 Marina Shores Ct, Arlington, TX 76016",3.0,4.0,379000.0,2756.0,76016
187,"5524 Hunterwood Ln, Arlington, TX 76017",3.5,4.0,615000.0,3444.0,76017
188,"2105 Inverness Dr, Arlington, TX 76012",3.0,4.0,314995.0,3339.0,76012
189,"214 Matlock Meadow Dr, Arlington, TX 76002",2.5,4.0,335000.0,4085.0,76002
190,"1707 E Park Row Dr, Arlington, TX 76010",1.0,3.0,219999.0,937.0,76010
191,"1704 Baird Farm Cir #4210, Arlington, TX 76006",2.0,2.0,135000.0,1028.0,76006
192,"1409 Roanoke St, Arlington, TX 76014",2.0,4.0,219900.0,1279.0,76014
193,"4710 Beaver Creek Dr, Arlington, TX 76005",3.0,3.0,594990.0,2977.0,76005
194,"1511 Silver Marten Trl, Arlington, TX 76005",3.0,4.0,540695.0,2575.0,76005
195,"4031 Jasmine Fox Ln, Arlington, TX 76005",3.5,4.0,500000.0,2969.0,76005
196,"1901 Shorecrest Cir, Arlington, TX 76010",2.0,3.0,250000.0,2187.0,76010
197,"5300 Dunbarton Ct, Arlington, TX 76060",3.5,5.0,550000.0,4070.0,76060
198,"1007 Belemeade St, Arlington, TX 76014",2.0,3.0,190000.0,1232.0,76014
199,"309 Valley Spring Dr, Arlington, TX 76018",2.0,3.0,214900.0,1432.0,76018
200,"4201 Cascade Sky Dr, Arlington, TX 76005",2.5,3.0,325000.0,2037.0,76005
201,"806 Lynnfield Dr, Arlington, TX 76014",2.0,3.0,220000.0,1659.0,76014
202,"2105 Count Fleet Dr #213, Arlington, TX 76011",1.0,1.0,115000.0,750.0,76011
203,"2202 Prestonwood Dr, Arlington, TX 76012",3.0,4.0,419900.0,2981.0,76012
204,"6115 Castle Creek Rd, Arlington, TX 76017",2.0,3.0,265000.0,1987.0,76017
205,"7335 Meler Ln, Irving, TX 75063",4.0,4.0,650000.0,3527.0,75063
206,"3576 Hathaway Ct, Irving, TX 75062",3.5,4.0,475000.0,2636.0,75062
207,"3343 Ricci Ln, Irving, TX 75062",2.5,4.0,429900.0,2798.0,75062
208,"132 Lavaca Dr, Irving, TX 75039",3.5,4.0,519900.0,3685.0,75039
209,"1204 Churchill Dr, Irving, TX 75060",2.0,3.0,319990.0,1647.0,75060
210,"305 Cosbie Dr, Irving, TX 75063",2.0,3.0,345000.0,2020.0,75063
211,"3901 Timberidge Dr, Irving, TX 75038",2.0,3.0,260000.0,1978.0,75038
212,"9901 Cliffside Ct, Irving, TX 75063",3.5,5.0,480000.0,3124.0,75063
213,"2500 William Brewster Dr, Irving, TX 75062",2.0,3.0,209900.0,1302.0,75062
214,"6411 Las Colinas Blvd, Irving, TX 75039",3.0,3.0,385000.0,2461.0,75039
215,"201 Cimarron Trl #1, Irving, TX 75063",2.0,3.0,209000.0,1653.0,75063
216,"412 Santa Fe Trl #81, Irving, TX 75063",2.5,2.0,185000.0,1146.0,75063
217,"6407 San Saba, Irving, TX 75039",3.0,3.0,510000.0,2815.0,75039
218,"305 Touchdown Dr, Irving, TX 75063",2.5,4.0,375000.0,2504.0,75063
219,"9011 Jasmine Ln, Irving, TX 75063",3.5,4.0,485000.0,3989.0,75063
220,"7131 Isle Royale Ln, Irving, TX 75063",3.5,3.0,470000.0,2452.0,75063
221,"330 Las Colinas Blvd E #1118, Irving, TX 75039",1.0,1.0,199000.0,786.0,75039
222,"1909 Tameria Dr, Irving, TX 75060",2.0,3.0,225000.0,1474.0,75060
223,"4920 Courtside Dr, Irving, TX 75038",2.0,3.0,234000.0,1562.0,75038
224,"7706 Windmere Ct, Irving, TX 75063",2.5,3.0,325000.0,1704.0,75063
225,"2611 Amherst Ct, Irving, TX 75038",2.0,2.0,169900.0,1150.0,75038
226,"1209 Churchill Dr, Irving, TX 75060",2.5,3.0,299990.0,2264.0,75060
227,"1919 Brenton St, Irving, TX 75062",2.0,4.0,299500.0,2064.0,75062
228,"1405 N Britain Rd, Irving, TX 75061",3.5,4.0,425000.0,3300.0,75061
229,"2421 Timberlake Dr, Irving, TX 75062",2.0,3.0,240000.0,1518.0,75062
230,"1405 Ledbetter Ct, Irving, TX 75063",3.0,3.0,425000.0,2705.0,75063
231,"2240 Luckenbach Ln, Irving, TX 75063",4.0,4.0,639000.0,4028.0,75063
232,"9407 ABBEY Rd, Irving, TX 75063",2.5,3.0,376300.0,2143.0,75063
233,"4805 Cortina Dr, Irving, TX 75038",2.5,3.0,280000.0,2352.0,75038
234,"2803 W 18th St, Irving, TX 75060",2.5,4.0,347900.0,2305.0,75060
235,"7360 Beranger Dr, Irving, TX 75063",3.5,5.0,769000.0,5059.0,75063
236,"4543 Wildbriar Dr, Irving, TX 75061",3.5,7.0,499900.0,3790.0,75061
237,"710 Goodyear St, Irving, TX 75062",2.0,4.0,257900.0,1601.0,75062
238,"3021 Steven St, Irving, TX 75062",2.0,3.0,199000.0,1256.0,75062
239,"404 Rio Grande Dr, Irving, TX 75039",3.5,4.0,520000.0,3354.0,75039
240,"7215 Paluxy Dr, Irving, TX 75039",4.0,5.0,490000.0,3603.0,75039
241,"7826 Liverpool Ln, Irving, TX 75063",3.5,4.0,317000.0,2241.0,75063
242,"4408 Honfleur Ct, Irving, TX 75038",2.5,3.0,270000.0,1678.0,75038
243,"228 Rolling Fork Bnd, Irving, TX 75039",3.0,4.0,509900.0,3258.0,75039
244,"337 Touchdown Dr, Irving, TX 75063",2.5,3.0,350000.0,1932.0,75063
245,"1549 John Smith Dr, Irving, TX 75061",1.0,3.0,208000.0,1566.0,75061
246,"1711 Water Lily Dr, Southlake, TX 76092",3.5,5.0,625000.0,3642.0,76092
247,"604 Rancho Laredo Trl, Southlake, TX 76092",4.5,5.0,1115000.0,5248.0,76092
248,"303 Lovegrass Ln, Southlake, TX 76092",4.5,5.0,899000.0,5444.0,76092
249,"335 Ravenaux Dr, Southlake, TX 76092",4.0,4.0,700000.0,3718.0,76092
250,"1900 Cresson Dr, Southlake, TX 76092",3.5,4.0,699500.0,3643.0,76092
251,"1614 Heather Ln, Southlake, TX 76092",4.5,5.0,619000.0,3017.0,76092
252,"805 Ownby Ln, Southlake, TX 76092",4.0,5.0,999900.0,4798.0,76092
253,"928 Winding Ridge Trl, Southlake, TX 76092",4.5,5.0,989000.0,4453.0,76092
254,"705 Briarridge Rd, Southlake, TX 76092",3.5,5.0,512800.0,4185.0,76092
255,"604 Rustic Ridge Ct, Southlake, TX 76092",3.0,4.0,895000.0,3567.0,76092
256,"116 Yale Dr, Southlake, TX 76092",4.0,5.0,992000.0,4208.0,76092
257,"1015 Deer Hollow Blvd, Southlake, TX 76092",3.5,5.0,999999.0,4846.0,76092
258,"1409 Montgomery Ln, Southlake, TX 76092",4.0,4.0,855000.0,4642.0,76092
259,"806 Longford Dr, Southlake, TX 76092",3.0,4.0,769900.0,3543.0,76092
260,"1357 Cross Timber Dr, Southlake, TX 76092",3.0,4.0,748000.0,3144.0,76092
261,"1905 Shooting Star Ln, Southlake, TX 76092",4.5,5.0,824900.0,4338.0,76092
262,"512 Winding Ridge Trl, Southlake, TX 76092",4.5,5.0,950000.0,4472.0,76092
263,"901 Hidden Meadow Ct, Southlake, TX 76092",3.0,4.0,699000.0,3778.0,76092
264,"1006 Brazos Dr, Southlake, TX 76092",3.5,4.0,755000.0,3426.0,76092
265,"1374 Holland, Southlake, TX 76092",4.0,4.0,975500.0,4060.0,76092
266,"320 W Highland St, Southlake, TX 76092",6.0,5.0,1098900.0,5202.0,76092
267,"607 E Dove Rd, Southlake, TX 76092",2.0,3.0,494000.0,1680.0,76092
268,"300 CORRAL Ct, Southlake, TX 76092",4.0,4.0,849880.0,6136.0,76092
269,"904 S Hollow Ct, Southlake, TX 76092",4.0,5.0,725000.0,4105.0,76092
270,"302 Waterford Ct, Southlake, TX 76092",3.5,5.0,680000.0,3624.0,76092
271,"628 Chandon Ct, Southlake, TX 76092",3.0,3.0,699900.0,2370.0,76092
272,"101 Starling Ct, Southlake, TX 76092",3.5,5.0,725000.0,3579.0,76092
273,"1651 Morgan Rd, Southlake, TX 76092",5.5,5.0,1649000.0,6407.0,76092
274,"909 Palos Verdes Trl, Southlake, TX 76092",5.5,5.0,1950000.0,5191.0,76092
275,"908 AARON Way, Southlake, TX 76092",4.0,4.0,1050000.0,4173.0,76092
276,"1633 Tuscan Ridge Cir, Southlake, TX 76092",4.0,4.0,775000.0,3638.0,76092
277,"110 Stonewood Ct, Southlake, TX 76092",4.5,4.0,895000.0,4189.0,76092
278,"1337 Woodbrook Ln, Southlake, TX 76092",4.0,4.0,959000.0,4100.0,76092
279,"1613 Pheasant Ln, Southlake, TX 76092",2.5,4.0,825000.0,3312.0,76092
280,"105 Clariden Ranch Rd, Southlake, TX 76092",5.5,5.0,1795000.0,5919.0,76092
281,"1704 Grass Ct, Southlake, TX 76092",5.5,5.0,1799000.0,6134.0,76092
282,"615 Shady Ln, Southlake, TX 76092",2.0,2.0,849900.0,1000.0,76092
283,"1508 Norwich Ct, Southlake, TX 76092",5.0,6.0,1875000.0,6712.0,76092
284,"832 Lake Carillon Ln, Southlake, TX 76092",4.5,4.0,1300000.0,5015.0,76092
285,"4509 Saddleback Ln, Southlake, TX 76092",2.0,2.0,650000.0,1000.0,76092
286,"610 Logans Ln, Southlake, TX 76092",3.5,4.0,825000.0,4469.0,76092
287,"7016 Cotton Seed Dr, McKinney, TX 75070",3.5,5.0,325000.0,3168.0,75070
288,"10416 Matador Dr, McKinney, TX 75072",3.0,4.0,375000.0,3052.0,75072
289,"5745 Wilford Dr, McKinney, TX 75070",2.0,3.0,329900.0,2035.0,75070
290,"8817 Stenson St, McKinney, TX 75070",2.5,4.0,400000.0,2038.0,75070
291,"7721 Harvest Hill Ln, McKinney, TX 75071",3.5,4.0,529999.0,3413.0,75071
292,"4701 Wallace St, McKinney, TX 75070",3.0,4.0,475000.0,3250.0,75070
293,"3816 Smoke Tree Ln, McKinney, TX 75070",2.5,4.0,359900.0,2943.0,75070
294,"5712 Fox Chase Ln, McKinney, TX 75071",2.0,4.0,335000.0,2051.0,75071
295,"2218 Brookview Dr, McKinney, TX 75072",2.0,2.0,237500.0,950.0,75072
296,"7917 Caddo Cv, McKinney, TX 75071",4.0,4.0,519900.0,3305.0,75071
297,"4116 Plymouth Dr, McKinney, TX 75070",3.5,4.0,399000.0,3041.0,75070
298,"4510 Cedar Crest Dr, McKinney, TX 75070",2.5,4.0,325000.0,2599.0,75070
299,"2644 Fairway Ridge Dr, McKinney, TX 75072",2.0,4.0,339900.0,2348.0,75072
300,"3075 Willow Grove Blvd #2704, McKinney, TX 75070",2.5,3.0,334900.0,1703.0,75070
301,"1111 Wedge Hill Rd, McKinney, TX 75072",3.0,4.0,404900.0,3186.0,75072
302,"3612 Crestcreek Ct, McKinney, TX 75071",2.5,4.0,325000.0,2492.0,75071
303,"5504 Amphora Ave, McKinney, TX 75070",2.5,3.0,405000.0,2408.0,75070
304,"10421 Canyon Lake Vw, McKinney, TX 75072",3.0,4.0,395000.0,3286.0,75072
305,"4501 Knightsbridge Dr, McKinney, TX 75072",4.0,5.0,1150000.0,5492.0,75072
306,"10809 Sexton Dr, McKinney, TX 75072",4.0,5.0,499999.0,3631.0,75072
307,"5929 Cranbrook Ln, McKinney, TX 75070",3.0,5.0,459900.0,3298.0,75070
308,"6108 River Highlands Dr, McKinney, TX 75070",3.5,3.0,540000.0,2763.0,75070
309,"9805 Pronghorn Rd, McKinney, TX 75071",2.0,3.0,285000.0,1408.0,75071
310,"2412 Eaton Dr, McKinney, TX 75072",3.5,4.0,449900.0,3319.0,75072
311,"5413 Buckland Dr, McKinney, TX 75070",2.0,3.0,312500.0,1745.0,75070
312,"1909 Freeport Dr, McKinney, TX 75072",2.0,3.0,275000.0,1787.0,75072
313,"10004 Coolidge Dr, McKinney, TX 75072",3.0,4.0,325000.0,2279.0,75072
314,"5420 Conch Train Rd, McKinney, TX 75070",2.5,2.0,255000.0,1944.0,75070
315,"5508 Conch Train Rd, McKinney, TX 75070",2.5,3.0,270000.0,1930.0,75070
316,"4913 Lasso Ln, McKinney, TX 75070",2.0,3.0,347000.0,2223.0,75070
317,"6100 Eldridge Ln, McKinney, TX 75070",3.0,5.0,489000.0,3214.0,75070
318,"6156 Silverado Trl, McKinney, TX 75070",2.5,2.0,273990.0,1514.0,75070
319,"9801 Coyote Pass Trl, McKinney, TX 75071",2.5,3.0,350000.0,2206.0,75071
320,"11500 Annabelle Dr, McKinney, TX 75071",3.5,4.0,400000.0,3010.0,75071
321,"3900 Iris Ct, McKinney, TX 75070",2.5,4.0,336000.0,2640.0,75070
322,"9744 Water Tree Dr, McKinney, TX 75072",2.0,3.0,339900.0,2253.0,75072
323,"7513 Beacon Hill Rd, McKinney, TX 75072",5.5,5.0,1999000.0,6980.0,75072
324,"5312 Mesquite Dr, McKinney, TX 75070",2.5,2.0,255000.0,1699.0,75070
325,"11709 Raeburn Ct, McKinney, TX 75071",4.0,6.0,505000.0,3938.0,75071
326,"9908 Beaver Dam Ln, McKinney, TX 75071",2.5,3.0,310000.0,2025.0,75071
327,"6209 Wildwood Dr, McKinney, TX 75072",3.5,4.0,615000.0,4022.0,75072
328,"3209 River Bend Dr, Hurst, TX 76054",2.5,4.0,440000.0,3049.0,76054
329,"512 Forest Meadow Dr, Colleyville, TX 76034",5.5,5.0,995000.0,4740.0,76034
330,"3708 Teal Ln, Bedford, TX 76021",2.0,3.0,275000.0,1652.0,76021
331,"3612 San Bar Ln, Colleyville, TX 76034",2.5,4.0,415000.0,2538.0,76034
332,"4701 Mill Xing W, Colleyville, TX 76034",3.5,3.0,509000.0,3476.0,76034
333,"204 Woodbine Dr, Colleyville, TX 76034",2.5,3.0,475000.0,2692.0,76034
334,"2302 Wilkes Ct, Colleyville, TX 76034",2.5,4.0,450000.0,2319.0,76034
335,"1116 Rhett Dr, Colleyville, TX 76034",2.5,3.0,499999.0,2347.0,76034
336,"4912 Bransford Rd, Colleyville, TX 76034",4.0,5.0,995000.0,5631.0,76034
337,"7304 Majestic Mnr, Colleyville, TX 76034",4.5,4.0,975000.0,5038.0,76034
338,"5849 Crescent Ln, Colleyville, TX 76034",3.5,5.0,615000.0,3903.0,76034
339,"2004 Tarrant Ln, Colleyville, TX 76034",3.0,4.0,549000.0,3273.0,76034
340,"7201 Monticello Pkwy, Colleyville, TX 76034",3.5,4.0,549900.0,3139.0,76034
341,"1300 Plantation Dr S, Colleyville, TX 76034",3.5,4.0,419000.0,2867.0,76034
342,"4806 Mill Brook Dr, Colleyville, TX 76034",3.5,4.0,600000.0,3654.0,76034
343,"1521 Tennison Pkwy, Colleyville, TX 76034",4.0,5.0,649900.0,4071.0,76034
344,"1141 Woodvale Dr, Bedford, TX 76021",2.5,3.0,359900.0,2253.0,76021
345,"6000 Sterling Dr, Colleyville, TX 76034",4.0,4.0,572400.0,4341.0,76034
346,"3137 Fox Run Dr, Grapevine, TX 76051",3.5,4.0,499900.0,3082.0,76051
347,"4004 Plantation Ct, Colleyville, TX 76034",3.0,4.0,549000.0,3223.0,76034
348,"2011 Kyle Ct, Colleyville, TX 76034",3.0,4.0,624900.0,3886.0,76034
349,"1501 Douglas Ave, Colleyville, TX 76034",3.5,4.0,575000.0,3342.0,76034
350,"7602 Jefferson Cir, Colleyville, TX 76034",3.0,4.0,579999.0,3192.0,76034
351,"298 Bandit Trl, Colleyville, TX 76034",3.5,6.0,850000.0,5566.0,76034
352,"3101 Eastonbury Ct, Colleyville, TX 76034",3.5,4.0,620000.0,3562.0,76034
353,"2703 San Jacinto Dr, Euless, TX 76039",4.5,5.0,579900.0,4119.0,76039
354,"3264 Shady Glen Dr, Grapevine, TX 76051",2.5,4.0,439000.0,2877.0,76051
355,"6111 Mustang Trl, Colleyville, TX 76034",5.5,5.0,980000.0,5231.0,76034
356,"805 Colleyville Ter, Colleyville, TX 76034",2.0,3.0,429900.0,1816.0,76034
357,"2102 Frances Dr, Colleyville, TX 76034",2.5,3.0,575000.0,2875.0,76034
358,"2304 Norwalk Dr, Colleyville, TX 76034",5.0,5.0,1000000.0,6020.0,76034
359,"1200 Woodvale Dr, Bedford, TX 76021",2.5,4.0,420000.0,2670.0,76021
360,"4017 Campania Ct, Colleyville, TX 76034",5.5,5.0,876773.0,4204.0,76034
361,"7312 Chanel Ct, Colleyville, TX 76034",5.0,5.0,1250000.0,5428.0,76034
362,"700 Colleyville Ter, Colleyville, TX 76034",4.5,4.0,1375000.0,4539.0,76034
363,"6304 Connie Ln, Colleyville, TX 76034",3.0,4.0,674000.0,3374.0,76034
364,"9117 Northampton Dr, North Richland Hills, TX 76182",3.5,4.0,675000.0,4112.0,76182
365,"4001 Felps Dr, Colleyville, TX 76034",2.0,2.0,365000.0,1000.0,76034
366,"4705 Lakeshore Ct, Colleyville, TX 76034",3.0,4.0,625000.0,3344.0,76034
367,"4025 Campania Ct, Colleyville, TX 76034",3.5,3.0,756479.0,3224.0,76034
368,"5830 Crescent Ln, Colleyville, TX 76034",2.0,3.0,485000.0,2535.0,76034
369,"258 Lyndsie Dr, Coppell, TX 75019",3.5,4.0,622900.0,3617.0,75019
370,"300 Ridgewood Dr, Lewisville, TX 75067",3.5,4.0,505000.0,2827.0,75067
371,"523 Loxley Dr, Coppell, TX 75019",2.5,4.0,559900.0,3113.0,75019
372,"136 Wrenwood Dr, Coppell, TX 75019",2.5,3.0,430000.0,2222.0,75019
373,"760 Sparrow Ln, Coppell, TX 75019",2.0,3.0,350000.0,1620.0,75019
374,"404 Spyglass Dr, Coppell, TX 75019",3.0,4.0,595000.0,2828.0,75019
375,"108 High Ridge Ln, Lewisville, TX 75067",2.5,3.0,444000.0,2306.0,75067
376,"229 Tanbark Cir, Coppell, TX 75019",2.0,3.0,349900.0,1867.0,75019
377,"306 Parkwood Ln, Coppell, TX 75019",2.0,3.0,359000.0,1958.0,75019
378,"800 Ashford Dr, Coppell, TX 75019",2.5,3.0,349999.0,2100.0,75019
379,"716 Falcon Ln, Coppell, TX 75019",2.5,3.0,530000.0,2648.0,75019
380,"516 Heath Ln, Coppell, TX 75019",3.0,4.0,428000.0,1882.0,75019
381,"137 S Heartz Rd, Coppell, TX 75019",2.0,3.0,285000.0,1533.0,75019
382,"316 Dakota Ln, Coppell, TX 75019",2.5,4.0,479000.0,3030.0,75019
383,"409 Leisure Ln, Coppell, TX 75019",2.5,3.0,307000.0,1661.0,75019
384,"600 Mockingbird Ln, Coppell, TX 75019",3.5,2.0,599000.0,10600.0,75019
385,"305 Phillips Dr, Coppell, TX 75019",2.0,3.0,355000.0,1958.0,75019
386,"132 Trinity Ct, Coppell, TX 75019",3.0,4.0,625000.0,3967.0,75019
387,"1025 Basilwood Dr, Coppell, TX 75019",3.5,4.0,499000.0,3001.0,75019
388,"140 Maywood Cir, Coppell, TX 75019",4.5,5.0,759000.0,4047.0,75019
389,"219 Driftwood Dr, Coppell, TX 75019",2.5,4.0,539900.0,3210.0,75019
390,"539 Meadowview Ln, Coppell, TX 75019",3.0,4.0,399000.0,2842.0,75019
391,"118 Versailles Dr, Coppell, TX 75019",3.5,4.0,719000.0,4535.0,75019
392,"617 Swan Dr, Coppell, TX 75019",5.0,4.0,759000.0,4036.0,75019
393,"307 Spanish Moss Dr, Coppell, TX 75019",3.0,4.0,483900.0,2969.0,75019
394,"1359 Minnow Rd, Irving, TX 75063",4.5,4.0,659600.0,3499.0,75063
395,"648 Parkway Blvd, Coppell, TX 75019",2.0,3.0,285000.0,1377.0,75019
396,"824 Deforest Rd, Coppell, TX 75019",5.0,4.0,1200000.0,5904.0,75019
397,"417 Kaye St, Coppell, TX 75019",4.5,4.0,899100.0,3841.0,75019
398,"941 Pintail Ct, Coppell, TX 75019",2.0,3.0,370000.0,2033.0,75019
399,"840 Falcon Ln, Coppell, TX 75019",4.0,5.0,699000.0,4022.0,75019
400,"624 Raintree Cir, Coppell, TX 75019",2.5,3.0,345000.0,1741.0,75019
401,"962 Hummingbird Dr, Coppell, TX 75019",4.0,5.0,649600.0,3777.0,75019
402,"936 Fountain Head Ln, Coppell, TX 75019",3.5,4.0,529000.0,3530.0,75019
403,"339 Spanish Moss Dr, Coppell, TX 75019",2.5,4.0,585000.0,3367.0,75019
404,"163 Georgian Dr, Coppell, TX 75019",4.0,5.0,695000.0,3901.0,75019
405,"236 Glenwood Dr, Coppell, TX 75019",2.0,3.0,325000.0,1533.0,75019
406,"391 Graham Dr, Coppell, TX 75019",3.5,4.0,564000.0,3136.0,75019
407,"212 Heather Glen Dr, Coppell, TX 75019",2.0,3.0,320000.0,1650.0,75019
408,"129 Whispering Hills Dr, Coppell, TX 75019",2.5,3.0,420000.0,2237.0,75019
409,"640 Forest Hill Dr, Coppell, TX 75019",2.5,4.0,435000.0,2078.0,75019
410,"5008 Seville Ln, Flower Mound, TX 75028",4.0,4.0,599900.0,3904.0,75028
411,"11379 Bull Head Ln, Flower Mound, TX 76262",3.0,4.0,469900.0,2707.0,76262
412,"1913 Hamilton Dr, Flower Mound, TX 75028",2.0,3.0,349900.0,1904.0,75028
413,"2324 Grandview Dr, Flower Mound, TX 75028",3.0,4.0,334900.0,1790.0,75028
414,"5920 Flint Ridge Dr, Flower Mound, TX 75028",3.0,5.0,435000.0,3351.0,75028
415,"3117 Forest Meadow Dr, Flower Mound, TX 75028",2.5,3.0,395000.0,2466.0,75028
416,"5224 Timber Park Dr, Flower Mound, TX 75028",3.5,5.0,495000.0,3065.0,75028
417,"2012 Breaker Ln, Flower Mound, TX 75022",4.0,4.0,968000.0,4524.0,75022
418,"3608 Veronica Dr, Flower Mound, TX 75022",3.5,4.0,550000.0,3372.0,75022
419,"3828 Appleton Ln, Flower Mound, TX 75022",2.5,4.0,400000.0,2305.0,75022
420,"8601 Riviera Ct, Flower Mound, TX 75022",5.5,4.0,997500.0,5500.0,75022
421,"716 Balmoral Castle Ct, Flower Mound, TX 75022",3.5,4.0,499900.0,3586.0,75022
422,"3216 Springwood Cir, Flower Mound, TX 75028",3.5,4.0,510000.0,2805.0,75028
423,"3605 Pearl Ln, Flower Mound, TX 75022",3.5,4.0,643900.0,4194.0,75022
424,"2508 Blue Ridge Trl, Flower Mound, TX 75028",2.5,4.0,339999.0,3025.0,75028
425,"3905 Sweetgum Ct, Flower Mound, TX 75028",3.0,5.0,375000.0,2474.0,75028
426,"2113 Newport Dr, Flower Mound, TX 75028",2.5,4.0,337000.0,2499.0,75028
427,"2729 Princeton Dr, Flower Mound, TX 75022",2.5,4.0,457900.0,2913.0,75022
428,"1304 Cayenne Dr, Flower Mound, TX 75028",3.5,5.0,539900.0,3311.0,75028
429,"3804 Appleton Ln, Flower Mound, TX 75022",3.5,5.0,429900.0,3158.0,75022
430,"344 Loma Alta Dr, Flower Mound, TX 75022",2.5,3.0,519900.0,2308.0,75022
431,"4917 Joshua Dr, Flower Mound, TX 75028",4.0,5.0,799000.0,4402.0,75028
432,"2708 Meadow Wood Dr, Flower Mound, TX 75022",3.5,4.0,520000.0,3080.0,75022
433,"4020 Abbey Ln, Flower Mound, TX 75028",2.0,3.0,240000.0,1748.0,75028
434,"5701 Northcrest Dr, Flower Mound, TX 75028",2.0,4.0,400000.0,2450.0,75028
435,"6359 Whiskerbrush Rd, Flower Mound, TX 76226",3.5,4.0,520000.0,3405.0,76226
436,"4716 Hackberry St, Flower Mound, TX 75028",2.0,2.0,15000.0,1000.0,75028
437,"1040 Sweet Grass Trl, Flower Mound, TX 75028",2.0,3.0,320000.0,1668.0,75028
438,"4025 Bordeaux Cir, Flower Mound, TX 75022",3.0,4.0,599000.0,2747.0,75022
439,"3805 Fairfax Way, Flower Mound, TX 75028",4.0,4.0,640990.0,3341.0,75028
440,"2404 Conroe Ct, Flower Mound, TX 75028",3.0,5.0,450000.0,3050.0,75028
441,"2204 Sullenberger Way, Flower Mound, TX 75028",5.5,5.0,1099995.0,5032.0,75028
442,"4105 Liberty Ct, Flower Mound, TX 75028",3.5,4.0,550000.0,3283.0,75028
443,"4516 Delaina Dr, Flower Mound, TX 75022",2.0,4.0,390000.0,2354.0,75022
444,"6105 Garwood Cir, Flower Mound, TX 75028",3.5,4.0,625000.0,3274.0,75028
445,"1913 Heliconia Dr, Flower Mound, TX 75028",3.5,3.0,534990.0,2771.0,75028
446,"11200 Bull Head Ln, Flower Mound, TX 76262",3.0,4.0,585000.0,3594.0,76262
447,"11351 Misty Ridge Dr, Flower Mound, TX 76262",4.5,4.0,524990.0,2926.0,76262
448,"813 Forest Lake Rd, Flower Mound, TX 75028",3.0,4.0,476590.0,2650.0,75028
449,"909 Hillside Ln, Flower Mound, TX 75028",2.0,3.0,300000.0,1797.0,75028
450,"1502 Saint Francis Ln, Flower Mound, TX 75028",2.0,3.0,459900.0,2263.0,75028
